Operador,bin,Prob_predicha_media,Frecuencia_observada,IC_inferior,IC_superior,N,Desviacion_pp
B365,1,0.0915245234197284,0.0863586358635864,0.0743030353287179,0.100158610212293,1818,-0.516588755614206
B365,2,0.167567918554313,0.162266226622662,0.146033273427333,0.179923442479822,1818,-0.530169193165031
B365,3,0.220268060396337,0.21579532814238,0.197397182106092,0.235405301710159,1798,-0.447273225395625
B365,4,0.255846114094498,0.249199573105656,0.230142044420205,0.269283215585328,1874,-0.664654098884157
B365,5,0.278940408362464,0.282187802516941,0.263198889950058,0.301985198829002,2066,0.324739415447722
B365,6,0.296499469033279,0.305799648506151,0.284398812160145,0.328072585127004,1707,0.930017947287248
B365,7,0.34261449042985,0.32780847145488,0.305441560429727,0.3509855856539,1629,-1.48060189749697
B365,8,0.42516766812243,0.412560909583108,0.390313739909969,0.435171042451776,1847,-1.26067585393224
B365,9,0.5312343634346,0.536836403033586,0.514036602647108,0.55948321136263,1846,0.560203959898653
B365,10,0.722370468119875,0.751769188894937,0.731503038189315,0.770984558212706,1837,2.93987207750628
PS,1,0.0890390161646869,0.0877862595419847,0.0756815533094641,0.101614185262991,1834,-0.125275662270219
PS,2,0.167479290229487,0.158602150537634,0.142706501558469,0.175905071335952,1860,-0.887713969185233
PS,3,0.220250545316478,0.216719914802982,0.198674139450423,0.235922226246194,1878,-0.353063051349611
PS,4,0.255977394417864,0.254254770500258,0.235372170518995,0.274109163805386,1939,-0.172262391760625
PS,5,0.279270797775641,0.278163374265884,0.258340005440926,0.2988948392528,1873,-0.110742350975773
PS,6,0.296751718945976,0.31516290726817,0.292837237830067,0.338376219761593,1596,1.84111883221946
PS,7,0.340466210684301,0.3279258400927,0.306181800733076,0.350434129604867,1726,-1.25403705916014
PS,8,0.425635328157793,0.414373947220663,0.391703891196625,0.437412583831066,1781,-1.12613809371304
PS,9,0.530889421005974,0.529474812433012,0.506790677683025,0.552037839291551,1866,-0.141460857296183
PS,10,0.724994373016935,0.749465811965812,0.729339107280263,0.768570775033133,1872,2.44714389488774
PSC,1,0.089781572214791,0.0893416927899687,0.0773720168060751,0.102956475536225,1914,-0.0439879424822348
PSC,2,0.166919538904831,0.159296750133191,0.143439448310123,0.176545766816969,1877,-0.762278877163936
PSC,3,0.220128286618329,0.20859872611465,0.190853904501359,0.22752945874679,1884,-1.15295605036796
PSC,4,0.256230655890883,0.259136212624585,0.239454480881601,0.279840429863289,1806,0.290555673370196
PSC,5,0.279147432210885,0.289080459770115,0.268262830214976,0.310827346654439,1740,0.993302755923042
PSC,6,0.297090394636116,0.296407185628743,0.274992026895348,0.318756833597632,1670,-0.0683209007373176
PSC,7,0.339791617891956,0.336564351103931,0.315429347489229,0.358374136884617,1857,-0.322726678802504
PSC,8,0.425285464002556,0.414988814317673,0.392356488548123,0.437985644399243,1788,-1.02966496848826
PSC,9,0.5337705851346,0.528523489932886,0.505349037336914,0.551575641739956,1788,-0.524709520171407
PSC,10,0.725945163803872,0.751698902247778,0.731847470117601,0.770541496673878,1913,2.57537384439062
WH,1,0.092046503376609,0.0884904569115095,0.0759995974884608,0.102805830580856,1729,-0.355604646509942
WH,2,0.169814615995134,0.153536515238643,0.137357931971069,0.171242403474605,1739,-1.62781007564914
WH,3,0.221154041039374,0.207035755478662,0.188622451203743,0.226744241285305,1734,-1.41182855607122
WH,4,0.257339594510185,0.254328358208955,0.23405170303697,0.275729285706232,1675,-0.301123630122985
WH,5,0.27923289835813,0.271207430340557,0.250086523948551,0.293414171580737,1615,-0.80254680175722
WH,6,0.298093271846002,0.297716501507971,0.279460748480357,0.316640742037487,2321,-0.0376770338031185
WH,7,0.340465574982851,0.325648414985591,0.305856347830434,0.34608268285195,2082,-1.48171599972602
WH,8,0.425288104489405,0.434504792332268,0.412242200631517,0.457034778655483,1878,0.92166878428635
WH,9,0.533576798465304,0.542363433667782,0.519243585081617,0.565302245839262,1794,0.878663520247747
WH,10,0.719310383672664,0.764494919306635,0.743570907174591,0.78420707406784,1673,4.51845356339707
