Liga,Temporada,Operador,Margen_medio_pct,Margen_mediana_pct,Margen_sd_pct,Margen_min_pct,Margen_max_pct,N_partidos,Tipo
E0,1213,B365,4.11128962634113,5.02525252525254,1.4789608382945,1.84435447593343,6.07843137254902,380,Casa real
SP1,1213,B365,6.3707105693858,6.34920634920635,0.329509805694262,5.48903927352653,7.08204334365323,380,Casa real
E0,1314,B365,2.61501703752833,2.50626566416039,0.72751478782002,1.84435447593343,6.95267580716497,380,Casa real
SP1,1314,B365,6.36295056247423,6.37489677952106,0.431075126697127,2.59206574996047,7.05128205128205,380,Casa real
E0,1415,B365,2.66820986184177,2.52525252525252,0.825798308858333,1.70250896057347,7.02614379084967,380,Casa real
SP1,1415,B365,5.51371098832819,5.18796992481203,0.82795561689206,2.01680672268907,8.33333333333333,380,Casa real
E0,1516,B365,2.76527860460217,2.56109481915934,0.947424826616892,1.80688876341051,7.02614379084967,380,Casa real
SP1,1516,B365,5.1227460694196,5.04410200804888,0.515775434654072,2.38095238095239,7.0598819824826,380,Casa real
E0,1617,B365,2.94976454726198,2.58738320375602,1.15838447671401,1.84435447593343,7.08204334365323,380,Casa real
SP1,1617,B365,5.07638430389527,5.02808911759638,0.578693320121719,1.67310167310166,7.08204334365323,380,Casa real
E0,1718,B365,3.10526745648663,2.75127226463103,1.22257475594371,1.69413919413919,7.21231107789866,380,Casa real
SP1,1718,B365,5.27185416080418,5.18888455087049,0.583814659338807,3.85243841126195,7.19252239903052,380,Casa real
E0,1819,B365,2.7788326554309,2.64479529185412,0.725484128175996,1.92982456140351,6.95267580716497,380,Casa real
SP1,1819,B365,5.26281406853457,5.16934046345812,0.614965013081348,2.77504105090314,7.80885780885781,380,Casa real
E0,1920,B365,5.30897777284418,5.2409638554217,0.47925510057492,2.98245614035089,7.06349206349206,380,Casa real
SP1,1920,B365,5.46748720441046,5.3030303030303,0.67693945912491,4.08351810790837,7.98319327731092,380,Casa real
E0,1213,BW,6.42575384612759,6.66313184870979,0.884279533296445,3.33333333333334,7.43281875357349,380,Casa real
SP1,1213,BW,6.51418019571723,6.70246389410337,0.828942883446108,3.50806451612904,8.05008944543828,380,Casa real
E0,1314,BW,6.64615228411916,6.6188197767145,0.467888572509055,3.70117039063687,7.48526915010486,380,Casa real
SP1,1314,BW,6.59954955111878,6.59113902516526,0.412710000438478,3.66770584999083,7.49102263856363,380,Casa real
E0,1415,BW,5.75868254154459,6.69679152148663,1.48744622713261,2.75689223057642,7.49858517260895,380,Casa real
SP1,1415,BW,6.36260995282665,6.92086648983201,1.23817229436726,3.50404494685521,7.4829931972789,380,Casa real
E0,1516,BW,6.08451299633491,6.7408231368187,1.21071939283058,2.4133025947908,7.4992871400057,379,Casa real
SP1,1516,BW,6.20397563929739,6.81939654568141,1.15517088979411,2.25563909774436,7.4995180258338,380,Casa real
E0,1617,BW,5.09395917838585,5.0463883976815,0.895985644028324,2.35271974402411,7.47173972980424,380,Casa real
SP1,1617,BW,5.2737062926047,5.10555212761095,0.771286956707859,2.56410256410256,7.48299319727892,380,Casa real
E0,1718,BW,5.07307165587311,5.07226292618658,0.418009148398754,3.22061191626408,7.34112099453435,380,Casa real
SP1,1718,BW,5.19642844137858,5.07246376811594,0.617537399451327,4.50804198444461,7.4992871400057,380,Casa real
E0,1819,BW,5.01850357044562,5.06248290562016,0.314234065593516,3.69281045751635,5.49499897938355,380,Casa real
SP1,1819,BW,5.10502060992743,5.0586364539853,0.434720618599371,4.50804198444461,7.49102263856363,380,Casa real
E0,1920,BW,5.06170440915417,5.10489510489511,0.30226599932764,3.65925634467836,6.11631016042782,380,Casa real
SP1,1920,BW,5.18368885804382,5.10493870594491,0.568142714868373,4.50804198444461,7.47847657960017,380,Casa real
E0,1213,GB,6.42416762983606,6.66313184870979,0.884906946505742,3.33333333333334,7.43281875357349,379,Casa real
SP1,1213,GB,6.50795589376802,6.69262338208987,0.83231401264816,3.50806451612904,8.05008944543828,375,Casa real
E0,1314,GB,,,,Inf,-Inf,0,Casa real
SP1,1314,GB,,,,Inf,-Inf,0,Casa real
E0,1415,GB,,,,Inf,-Inf,0,Casa real
SP1,1415,GB,,,,Inf,-Inf,0,Casa real
E0,1516,GB,,,,Inf,-Inf,0,Casa real
SP1,1516,GB,,,,Inf,-Inf,0,Casa real
E0,1617,GB,,,,Inf,-Inf,0,Casa real
SP1,1617,GB,,,,Inf,-Inf,0,Casa real
E0,1718,GB,,,,Inf,-Inf,0,Casa real
SP1,1718,GB,,,,Inf,-Inf,0,Casa real
E0,1819,GB,,,,Inf,-Inf,0,Casa real
SP1,1819,GB,,,,Inf,-Inf,0,Casa real
E0,1920,GB,,,,Inf,-Inf,0,Casa real
SP1,1920,GB,,,,Inf,-Inf,0,Casa real
E0,1213,IW,8.37750358351882,8.06949602922971,0.759778001360032,7.03869682742924,11.6332497911445,380,Casa real
SP1,1213,IW,8.42063158139248,8.08080808080809,0.767875409306897,7.65494667933693,10.9166196122718,380,Casa real
E0,1314,IW,8.06157626197076,8.03956130043087,0.15967101103744,7.03869682742924,8.69916727302127,380,Casa real
SP1,1314,IW,8.07115020417218,8.06010928961749,0.25520724014469,5.38302277432712,8.87445887445888,378,Casa real
E0,1415,IW,8.04747551196666,8.03887935963408,0.173322029477111,7.4179292929293,8.86283007244069,379,Casa real
SP1,1415,IW,8.07368376883825,8.04125089839376,0.228382745302641,5.68086883876355,8.92255892255893,379,Casa real
E0,1516,IW,8.03125659276093,8.03956130043087,0.197975040604037,6.33771929824563,8.48236462990561,380,Casa real
SP1,1516,IW,8.06486494603134,8.04554554554553,0.220307891334617,6.60173160173159,9.36955764541971,380,Casa real
E0,1617,IW,5.90790597750278,5.6769108213492,0.740534486088536,5.29528950581581,8.33333333333335,380,Casa real
SP1,1617,IW,5.92249288280554,5.68086883876358,0.773006932617507,5.29788838612368,8.52971426016187,377,Casa real
E0,1718,IW,5.5924223173652,5.60224089635852,0.193019990069916,4.70085470085468,6.04575163398693,380,Casa real
SP1,1718,IW,5.63454900519883,5.60832202623247,0.17278239186263,4.70085470085468,6.54160654160654,380,Casa real
E0,1819,IW,5.34892247094819,5.38631161247876,0.25993920598467,4.48553044744262,5.94679186228482,380,Casa real
SP1,1819,IW,5.28252224636109,5.31580658480473,0.285784238260706,4.36974789915967,6.1569016881827,380,Casa real
E0,1920,IW,5.26435931342779,5.3030303030303,0.353820104935357,4.28310428310428,6.49350649350649,380,Casa real
SP1,1920,IW,5.21223405167702,5.19024671540839,0.320624924653827,4.22008547008548,6.13627564847077,380,Casa real
E0,1213,LB,6.72594390075827,6.54690618762475,1.05141027001184,5,13.1372549019608,379,Casa real
SP1,1213,LB,7.34679110776733,6.79271708683473,1.66633930817685,5.7754010695187,12.8710370089681,380,Casa real
E0,1314,LB,5.9306655652609,5.97826086956523,0.786536853730563,3.3189033189033,8.2516339869281,380,Casa real
SP1,1314,LB,6.49177340541419,6.49350649350651,0.556162642471728,4.47552447552448,9.00780379041251,380,Casa real
E0,1415,LB,4.57389281968018,4.47449467680682,0.796285068974991,2.67857142857144,7.04334365325077,380,Casa real
SP1,1415,LB,5.87217270495509,5.96946912736387,0.666385015522208,4.04706917408995,8.07139720183199,379,Casa real
E0,1516,LB,5.11611003431675,4.74531456567384,1.57189584135814,2.48615575262363,8.47096923432802,380,Casa real
SP1,1516,LB,6.1807531262767,6.3477418138843,1.11547949803721,2.46203744655755,9.80335454019663,380,Casa real
E0,1617,LB,4.86926908744031,4.21178284081509,1.48723621176892,2.50233426704014,9.77331846897065,380,Casa real
SP1,1617,LB,6.29450252156123,6.44257703081232,1.03417647128232,2.46203744655755,9.24369747899159,379,Casa real
E0,1718,LB,6.18240385270503,6.32451564828615,0.875279726842129,3.29968944099379,8.71064887768323,380,Casa real
SP1,1718,LB,6.32797674560178,6.44257703081232,0.816150618979902,3.44531369842001,9.28887684105901,379,Casa real
E0,1819,LB,,,,Inf,-Inf,0,Casa real
SP1,1819,LB,,,,Inf,-Inf,0,Casa real
E0,1920,LB,,,,Inf,-Inf,0,Casa real
SP1,1920,LB,,,,Inf,-Inf,0,Casa real
E0,1213,PS,2.03253427565908,2.03503678714215,0.119148619442762,1.67552445566312,2.64652185130525,380,Casa real
SP1,1213,PS,2.03530390857686,2.03187979804671,0.149452043137854,1.67485735460062,3.07726927738168,380,Casa real
E0,1314,PS,2.01576927100762,2.01276801615985,0.119994339384717,1.61973176644812,2.41478674861106,380,Casa real
SP1,1314,PS,2.02851785504723,2.02314502606151,0.149860831163121,1.58197523538659,2.99178916786877,380,Casa real
E0,1415,PS,2.01631913563197,2.02023963218173,0.129000681136642,1.2460627557477,2.51107801032482,380,Casa real
SP1,1415,PS,2.01480187561217,2.01264572329593,0.128988808868944,1.53900818816137,2.52916534175727,378,Casa real
E0,1516,PS,2.02798162459358,2.02873039912027,0.0988642163381137,1.72082819141643,2.38429172510519,380,Casa real
SP1,1516,PS,2.01793726064578,2.01835313011998,0.1330737247665,1.57702576234393,3.15662151034788,379,Casa real
E0,1617,PS,2.05356935016027,2.03435065108829,0.208658920239598,1.51150339532056,3.2405370622822,380,Casa real
SP1,1617,PS,2.05634466801115,2.02532474942012,0.203505278812165,1.61813658502399,3.19100032997399,380,Casa real
E0,1718,PS,2.05712187276909,2.02687319656736,0.227296868074147,1.65801087460076,4.54362865070355,380,Casa real
SP1,1718,PS,2.29604822294138,2.31938101088639,0.314802305772055,1.65179647938269,3.91851035574016,380,Casa real
E0,1819,PS,2.36775277593772,2.2300006626608,0.497274655172539,1.73230065703185,3.79051057561099,380,Casa real
SP1,1819,PS,2.7547955417639,2.68456711474056,0.333873408950977,1.82856484572165,3.76619815298092,380,Casa real
E0,1920,PS,2.93125437175742,2.9515214646061,0.328386985968638,2.10089218953038,4.52954981572087,380,Casa real
SP1,1920,PS,3.2001077572699,3.25396357106714,0.327174275033217,2.37039489226254,5.18202217116695,378,Casa real
E0,1213,WH,6.46190064409707,6.42256692725379,0.53841158748351,5.49038774845228,9.83289867671207,380,Casa real
SP1,1213,WH,6.40226667261369,6.37146244333979,0.384197394508969,5.14597027299106,8.1818181818182,380,Casa real
E0,1314,WH,6.2744270259303,6.27792597416513,0.761789251855666,3.05555555555554,9.16900093370683,380,Casa real
SP1,1314,WH,6.27988565286632,6.25,0.420981098839783,3.52941176470587,7.17006126842192,380,Casa real
E0,1415,WH,6.2687040812475,6.22342669781709,0.515386284599998,3.39771852473931,8.45959595959596,380,Casa real
SP1,1415,WH,6.21699848164364,6.18279569892473,0.467579010651431,3.22607675548849,7.4160407493741,380,Casa real
E0,1516,WH,6.05892479269194,6.0385523210071,0.86469582643034,2.91603821015585,19.2951015531661,380,Casa real
SP1,1516,WH,6.15380575504677,6.07138157541384,0.604368339958405,3.55947256951561,9.32571791210535,380,Casa real
E0,1617,WH,4.69342454026617,4.30775395712284,0.967090167842666,2.30179028132993,6.82484695186774,380,Casa real
SP1,1617,WH,4.9166184600254,4.37784717646048,1.07064495418546,3.22607675548849,7.25524475524477,380,Casa real
E0,1718,WH,4.85912403244674,4.44189936009308,1.01964780645439,2.38095238095239,8.82352941176472,380,Casa real
SP1,1718,WH,6.13421670940197,6.06060606060606,0.466881008576474,4.32468396540253,9.21717171717171,380,Casa real
E0,1819,WH,5.21796195680783,5.10728414172687,0.608439932238048,2.64637323460855,7.16374269005846,380,Casa real
SP1,1819,WH,5.24916787050989,5.14703018228383,0.844077164109803,3.79901960784315,18.030303030303,380,Casa real
E0,1920,WH,5.04265351794567,5.05050505050506,0.364449187382268,4.3631100082713,9.52380952380951,380,Casa real
SP1,1920,WH,5.06081113424106,5.10285453894477,0.315389997149803,4.05078110554533,6.70645069622053,380,Casa real
E0,1213,SJ,5.22491294187969,5.14597027299106,0.909779048639388,2.0526490165959,9.28737348597974,380,Casa real
SP1,1213,SJ,5.47211216048295,5.4479258095642,0.427710836123165,4.567929408185,7.59411618050361,380,Casa real
E0,1314,SJ,5.52623408448454,5.53641514910587,0.823712916485416,2.15451728153808,7.80004309416074,380,Casa real
SP1,1314,SJ,4.85480648479615,4.78578892371996,0.530229565499618,3.47222222222223,9.15750915750917,380,Casa real
E0,1415,SJ,5.88821650273851,5.75032589525343,0.541766798291364,4.62886503348932,7.27272727272728,40,Casa real
SP1,1415,SJ,8.1526111796586,8.21623731459797,0.709700473549967,6.57687991021325,9.13725490196078,29,Casa real
E0,1516,SJ,,,,Inf,-Inf,0,Casa real
SP1,1516,SJ,,,,Inf,-Inf,0,Casa real
E0,1617,SJ,,,,Inf,-Inf,0,Casa real
SP1,1617,SJ,,,,Inf,-Inf,0,Casa real
E0,1718,SJ,,,,Inf,-Inf,0,Casa real
SP1,1718,SJ,,,,Inf,-Inf,0,Casa real
E0,1819,SJ,,,,Inf,-Inf,0,Casa real
SP1,1819,SJ,,,,Inf,-Inf,0,Casa real
E0,1920,SJ,,,,Inf,-Inf,0,Casa real
SP1,1920,SJ,,,,Inf,-Inf,0,Casa real
E0,1213,VC,2.90686522828721,2.78897883977409,0.877071213469427,0.207698668052769,14.2894056847545,380,Casa real
SP1,1213,VC,3.15599754549431,3.07692307692309,0.682201602425698,1.80375180375181,5.83657478525161,379,Casa real
E0,1314,VC,2.7461610331664,2.64408793820559,0.619961043343635,1.81465821000706,9.05572755417956,380,Casa real
SP1,1314,VC,3.07841062483543,2.93446891272978,0.740437442023628,1.23732856290995,6.21638524077548,380,Casa real
E0,1415,VC,2.54680702239373,2.51696832579187,0.418362492240483,0.829493087557598,5.52380952380953,380,Casa real
SP1,1415,VC,2.85455524659012,2.6718379659556,0.897488283579296,1.23732856290995,12.0496894409938,380,Casa real
E0,1516,VC,2.53287069955222,2.50626566416039,0.400124916576371,1.64046479835953,5.64287793389959,380,Casa real
SP1,1516,VC,2.93109161123766,2.85714285714285,0.619885181278488,1.57735085945399,5.63554092965859,380,Casa real
E0,1617,VC,2.78917427770187,2.63537901654037,0.715055852994773,1.21168753726892,7.73540185304891,380,Casa real
SP1,1617,VC,3.8024541564793,3.39506172839505,1.00508574223303,2.06228956228958,6.76691729323309,380,Casa real
E0,1718,VC,2.82061658321012,2.69151138716355,0.697233847431065,1.6698292220114,6.94444444444444,380,Casa real
SP1,1718,VC,3.87519416036778,3.45055802028644,1.04681998440618,1.87835420393558,6.77474821911079,380,Casa real
E0,1819,VC,2.61034575471012,2.53387015826501,0.581665829168582,1.21168753726892,6.15620938201582,380,Casa real
SP1,1819,VC,3.83779965681453,3.3349146110057,0.987406255187854,2.24921277552856,6.02941176470588,380,Casa real
E0,1920,VC,4.19478547071371,4.2389334029257,0.799386734934576,1.42857142857145,5.99712887821171,380,Casa real
SP1,1920,VC,5.55203866717933,5.69867321113583,0.735506260573042,2.26190476190475,6.86960098724805,380,Casa real
E0,1213,BS,6.53768072032151,6.4885114885115,0.495848552852074,4.27807486631016,8.0441845354126,380,Casa real
SP1,1213,BS,7.38601941169,7.33384262796029,0.677704290673199,5.38302277432714,9.26524455936222,380,Casa real
E0,1314,BS,,,,Inf,-Inf,0,Casa real
SP1,1314,BS,,,,Inf,-Inf,0,Casa real
E0,1415,BS,,,,Inf,-Inf,0,Casa real
SP1,1415,BS,,,,Inf,-Inf,0,Casa real
E0,1516,BS,,,,Inf,-Inf,0,Casa real
SP1,1516,BS,,,,Inf,-Inf,0,Casa real
E0,1617,BS,,,,Inf,-Inf,0,Casa real
SP1,1617,BS,,,,Inf,-Inf,0,Casa real
E0,1718,BS,,,,Inf,-Inf,0,Casa real
SP1,1718,BS,,,,Inf,-Inf,0,Casa real
E0,1819,BS,,,,Inf,-Inf,0,Casa real
SP1,1819,BS,,,,Inf,-Inf,0,Casa real
E0,1920,BS,,,,Inf,-Inf,0,Casa real
SP1,1920,BS,,,,Inf,-Inf,0,Casa real
E0,1213,BbMx,0.276651983480508,0.321533048176781,0.726017278272534,-2.39130398859129,1.83986662937123,380,Agregado de mercado
SP1,1213,BbMx,0.212116973369463,0.358044200755192,0.847495084950195,-4.62996792920067,1.76781851549856,380,Agregado de mercado
E0,1314,BbMx,-0.0513958286528985,0.0809469917783079,0.8358829258394,-3.79371270070054,1.58157602663707,380,Agregado de mercado
SP1,1314,BbMx,-0.379561848037721,-0.12850931626327,1.21320299747249,-9.1044221479004,1.58730158730158,380,Agregado de mercado
E0,1415,BbMx,-0.427093971679032,-0.304878048780488,0.811529197766711,-3.81566820276498,1.33288347884104,380,Agregado de mercado
SP1,1415,BbMx,-0.76509121844833,-0.563496847780282,1.02828973039814,-4.83870967741935,1.40745903576933,380,Agregado de mercado
E0,1516,BbMx,-0.0889409320224885,0.0226446557260229,0.843494206267906,-2.9848171152519,1.55007167822947,380,Agregado de mercado
SP1,1516,BbMx,0.0638554502118942,0.219283525635139,1.06802529257245,-4.90380376212403,1.86274509803921,380,Agregado de mercado
E0,1617,BbMx,-0.72448498427512,-0.59112832577024,0.99444051290921,-7.08154506437768,1.18168187512162,380,Agregado de mercado
SP1,1617,BbMx,-0.432278739179986,-0.272196468919694,1.10338802064147,-4.68110321051498,1.47492774238844,380,Agregado de mercado
E0,1718,BbMx,-0.524143863698869,-0.35429729240089,0.948242773853586,-4.33984404572639,1.12022480443532,380,Agregado de mercado
SP1,1718,BbMx,-0.261487497460087,-0.0630394933110845,1.0714295716318,-6.70809776588551,1.64201215888395,380,Agregado de mercado
E0,1819,BbMx,-0.0667304814852158,0.0619853063566378,0.706554746028903,-3.78272521129663,1.39074321317312,380,Agregado de mercado
SP1,1819,BbMx,0.218487125306708,0.369526967952849,0.965594920820885,-5.2635969302636,2.22415636263871,380,Agregado de mercado
E0,1920,BbMx,,,,Inf,-Inf,0,Agregado de mercado
SP1,1920,BbMx,,,,Inf,-Inf,0,Agregado de mercado
E0,1213,BbAv,5.75102516429981,5.73933355807793,0.202197274250649,4.9633358076272,6.43155745673731,380,Agregado de mercado
SP1,1213,BbAv,6.08579870266173,6.09047888335628,0.287477277399483,5.24044971989612,6.99365700479728,380,Agregado de mercado
E0,1314,BbAv,5.46604406659608,5.49384877869079,0.281185800247868,4.45491948448271,6.27723189097984,380,Agregado de mercado
SP1,1314,BbAv,5.93950672227426,5.92053530065273,0.384102574411541,4.77284041481771,7.23020006582895,380,Agregado de mercado
E0,1415,BbAv,4.94782249945841,4.96278162098813,0.20577615403902,4.23459833314388,5.59435166481326,380,Agregado de mercado
SP1,1415,BbAv,5.38026919466514,5.39776036563036,0.271070914446672,4.40036538423665,7.0765716654825,380,Agregado de mercado
E0,1516,BbAv,4.85021704549621,4.85270107320722,0.193261447152603,4.24215724195198,5.50805796425125,380,Agregado de mercado
SP1,1516,BbAv,5.396809411448,5.43137493878634,0.236528500579099,4.55924346373084,6.30594200529413,380,Agregado de mercado
E0,1617,BbAv,4.22451738638142,4.19528052362324,0.247035382310418,3.57231133486842,4.90597570932843,380,Agregado de mercado
SP1,1617,BbAv,4.84116262023696,4.83016863331747,0.259750818952877,4.07106729589828,5.58758926711203,380,Agregado de mercado
E0,1718,BbAv,4.50627646289436,4.51613743775936,0.256442210886107,3.88280434363384,5.37929669200687,380,Agregado de mercado
SP1,1718,BbAv,5.03458504920313,5.02065785826286,0.283051772099299,4.25925562335479,6.02057896639663,380,Agregado de mercado
E0,1819,BbAv,4.18681971353232,4.20387558023052,0.218187586635837,3.52342658120495,4.87591869259283,380,Agregado de mercado
SP1,1819,BbAv,4.7381911445756,4.73720862456251,0.194130677462304,4.17089708700091,5.39044621440701,380,Agregado de mercado
E0,1920,BbAv,,,,Inf,-Inf,0,Agregado de mercado
SP1,1920,BbAv,,,,Inf,-Inf,0,Agregado de mercado
E0,1213,PSC,2.11679443597433,2.09890242114732,0.204223358330745,1.40981531016442,3.10353372759002,380,Casa real
SP1,1213,PSC,2.08106122665514,2.05658514510045,0.198834803576348,1.47577009238138,3.52564102564104,380,Casa real
E0,1314,PSC,2.13530184670898,2.02345148125541,0.563602348115956,1.41063582910708,5.30431215710405,380,Casa real
SP1,1314,PSC,2.12798690529764,2.02002074880734,0.638246565214746,1.62014163372859,7.26839219429725,380,Casa real
E0,1415,PSC,2.03720635124953,2.02916355391234,0.145489822445388,1.40628433311361,2.65820506784362,380,Casa real
SP1,1415,PSC,2.01568999134658,2.02358449031937,0.15150459732977,1.51195369400268,2.5742639224889,380,Casa real
E0,1516,PSC,2.04140481445761,2.03499663679899,0.110254962866355,1.69529196269131,2.63054816830559,380,Casa real
SP1,1516,PSC,2.0207695476941,2.01573694414453,0.154840423782368,1.60167449085655,3.73631830224488,380,Casa real
E0,1617,PSC,2.04796081659812,2.05051912709624,0.124457528472754,1.68427765940484,2.98942138048193,380,Casa real
SP1,1617,PSC,2.01255211126993,2.00491131001759,0.138905442749755,1.65833280587377,2.64928285585673,380,Casa real
E0,1718,PSC,2.10863903029341,2.05751451020236,0.244658143841592,1.22891310250386,3.39795584451394,380,Casa real
SP1,1718,PSC,2.31178524525387,2.34836019128801,0.334174892055036,1.66811696520925,4.19738302345045,379,Casa real
E0,1819,PSC,2.35051902343614,2.22776136512401,0.459821035421606,1.76169958778654,3.80443162544331,380,Casa real
SP1,1819,PSC,2.76653222713474,2.65019395981828,0.33629232972482,1.93042640907586,3.79125986157016,380,Casa real
E0,1920,PSC,2.85607343903444,2.88500726314156,0.341524470700509,2.09283470153037,4.13096094238314,380,Casa real
SP1,1920,PSC,3.1273869773224,3.1406673788591,0.327962470797094,2.30602566651517,4.2972789615866,380,Casa real
E0,1213,Max,,,,Inf,-Inf,0,Agregado de mercado
SP1,1213,Max,,,,Inf,-Inf,0,Agregado de mercado
E0,1314,Max,,,,Inf,-Inf,0,Agregado de mercado
SP1,1314,Max,,,,Inf,-Inf,0,Agregado de mercado
E0,1415,Max,,,,Inf,-Inf,0,Agregado de mercado
SP1,1415,Max,,,,Inf,-Inf,0,Agregado de mercado
E0,1516,Max,,,,Inf,-Inf,0,Agregado de mercado
SP1,1516,Max,,,,Inf,-Inf,0,Agregado de mercado
E0,1617,Max,,,,Inf,-Inf,0,Agregado de mercado
SP1,1617,Max,,,,Inf,-Inf,0,Agregado de mercado
E0,1718,Max,,,,Inf,-Inf,0,Agregado de mercado
SP1,1718,Max,,,,Inf,-Inf,0,Agregado de mercado
E0,1819,Max,,,,Inf,-Inf,0,Agregado de mercado
SP1,1819,Max,,,,Inf,-Inf,0,Agregado de mercado
E0,1920,Max,0.0657989166349592,0.122533422893134,0.773949873868218,-5.97924601899866,1.62037037037037,380,Agregado de mercado
SP1,1920,Max,0.368248948500952,0.354545615978386,0.787895698300262,-3.64165921975252,1.979163745478,380,Agregado de mercado
E0,1213,Avg,,,,Inf,-Inf,0,Agregado de mercado
SP1,1213,Avg,,,,Inf,-Inf,0,Agregado de mercado
E0,1314,Avg,,,,Inf,-Inf,0,Agregado de mercado
SP1,1314,Avg,,,,Inf,-Inf,0,Agregado de mercado
E0,1415,Avg,,,,Inf,-Inf,0,Agregado de mercado
SP1,1415,Avg,,,,Inf,-Inf,0,Agregado de mercado
E0,1516,Avg,,,,Inf,-Inf,0,Agregado de mercado
SP1,1516,Avg,,,,Inf,-Inf,0,Agregado de mercado
E0,1617,Avg,,,,Inf,-Inf,0,Agregado de mercado
SP1,1617,Avg,,,,Inf,-Inf,0,Agregado de mercado
E0,1718,Avg,,,,Inf,-Inf,0,Agregado de mercado
SP1,1718,Avg,,,,Inf,-Inf,0,Agregado de mercado
E0,1819,Avg,,,,Inf,-Inf,0,Agregado de mercado
SP1,1819,Avg,,,,Inf,-Inf,0,Agregado de mercado
E0,1920,Avg,4.27161310780248,4.26917186740348,0.220837139918781,3.50242110817105,4.96966151268703,380,Agregado de mercado
SP1,1920,Avg,4.82242493282422,4.83645288570749,0.224936803964949,4.14974522218206,5.71526089837697,380,Agregado de mercado
E0,1213,B365C,,,,Inf,-Inf,0,Casa real
SP1,1213,B365C,,,,Inf,-Inf,0,Casa real
E0,1314,B365C,,,,Inf,-Inf,0,Casa real
SP1,1314,B365C,,,,Inf,-Inf,0,Casa real
E0,1415,B365C,,,,Inf,-Inf,0,Casa real
SP1,1415,B365C,,,,Inf,-Inf,0,Casa real
E0,1516,B365C,,,,Inf,-Inf,0,Casa real
SP1,1516,B365C,,,,Inf,-Inf,0,Casa real
E0,1617,B365C,,,,Inf,-Inf,0,Casa real
SP1,1617,B365C,,,,Inf,-Inf,0,Casa real
E0,1718,B365C,,,,Inf,-Inf,0,Casa real
SP1,1718,B365C,,,,Inf,-Inf,0,Casa real
E0,1819,B365C,,,,Inf,-Inf,0,Casa real
SP1,1819,B365C,,,,Inf,-Inf,0,Casa real
E0,1920,B365C,5.40288255746645,5.50301682042519,0.617094962542807,2.11860211860213,7.08204334365323,380,Casa real
SP1,1920,B365C,5.44378145791296,5.39407209551354,0.62139987173841,3.82352941176471,7.62032085561497,380,Casa real
E0,1213,BWC,,,,Inf,-Inf,0,Casa real
SP1,1213,BWC,,,,Inf,-Inf,0,Casa real
E0,1314,BWC,,,,Inf,-Inf,0,Casa real
SP1,1314,BWC,,,,Inf,-Inf,0,Casa real
E0,1415,BWC,,,,Inf,-Inf,0,Casa real
SP1,1415,BWC,,,,Inf,-Inf,0,Casa real
E0,1516,BWC,,,,Inf,-Inf,0,Casa real
SP1,1516,BWC,,,,Inf,-Inf,0,Casa real
E0,1617,BWC,,,,Inf,-Inf,0,Casa real
SP1,1617,BWC,,,,Inf,-Inf,0,Casa real
E0,1718,BWC,,,,Inf,-Inf,0,Casa real
SP1,1718,BWC,,,,Inf,-Inf,0,Casa real
E0,1819,BWC,,,,Inf,-Inf,0,Casa real
SP1,1819,BWC,,,,Inf,-Inf,0,Casa real
E0,1920,BWC,4.45308469613273,4.28400925237369,0.535882316814264,2.44700654536718,7.05741626794258,380,Casa real
SP1,1920,BWC,5.15500930702954,5.1062091503268,0.468437408218141,4.0920716112532,7.49556475458308,380,Casa real
E0,1213,IWC,,,,Inf,-Inf,0,Casa real
SP1,1213,IWC,,,,Inf,-Inf,0,Casa real
E0,1314,IWC,,,,Inf,-Inf,0,Casa real
SP1,1314,IWC,,,,Inf,-Inf,0,Casa real
E0,1415,IWC,,,,Inf,-Inf,0,Casa real
SP1,1415,IWC,,,,Inf,-Inf,0,Casa real
E0,1516,IWC,,,,Inf,-Inf,0,Casa real
SP1,1516,IWC,,,,Inf,-Inf,0,Casa real
E0,1617,IWC,,,,Inf,-Inf,0,Casa real
SP1,1617,IWC,,,,Inf,-Inf,0,Casa real
E0,1718,IWC,,,,Inf,-Inf,0,Casa real
SP1,1718,IWC,,,,Inf,-Inf,0,Casa real
E0,1819,IWC,,,,Inf,-Inf,0,Casa real
SP1,1819,IWC,,,,Inf,-Inf,0,Casa real
E0,1920,IWC,5.34860564761243,5.36336707111355,0.544479231611108,3.69038538374922,11.2974168306967,380,Casa real
SP1,1920,IWC,5.34601289379551,5.33600509492506,0.501665409398274,4.3131544275709,10.5862947968211,380,Casa real
E0,1213,WHC,,,,Inf,-Inf,0,Casa real
SP1,1213,WHC,,,,Inf,-Inf,0,Casa real
E0,1314,WHC,,,,Inf,-Inf,0,Casa real
SP1,1314,WHC,,,,Inf,-Inf,0,Casa real
E0,1415,WHC,,,,Inf,-Inf,0,Casa real
SP1,1415,WHC,,,,Inf,-Inf,0,Casa real
E0,1516,WHC,,,,Inf,-Inf,0,Casa real
SP1,1516,WHC,,,,Inf,-Inf,0,Casa real
E0,1617,WHC,,,,Inf,-Inf,0,Casa real
SP1,1617,WHC,,,,Inf,-Inf,0,Casa real
E0,1718,WHC,,,,Inf,-Inf,0,Casa real
SP1,1718,WHC,,,,Inf,-Inf,0,Casa real
E0,1819,WHC,,,,Inf,-Inf,0,Casa real
SP1,1819,WHC,,,,Inf,-Inf,0,Casa real
E0,1920,WHC,4.82362617772293,5.00978595253792,0.701939612481808,2.06228956228958,6.68717841746629,380,Casa real
SP1,1920,WHC,5.00456437858769,5.03048780487805,0.295668030052872,4.05657344905175,5.81232492997199,380,Casa real
E0,1213,VCC,,,,Inf,-Inf,0,Casa real
SP1,1213,VCC,,,,Inf,-Inf,0,Casa real
E0,1314,VCC,,,,Inf,-Inf,0,Casa real
SP1,1314,VCC,,,,Inf,-Inf,0,Casa real
E0,1415,VCC,,,,Inf,-Inf,0,Casa real
SP1,1415,VCC,,,,Inf,-Inf,0,Casa real
E0,1516,VCC,,,,Inf,-Inf,0,Casa real
SP1,1516,VCC,,,,Inf,-Inf,0,Casa real
E0,1617,VCC,,,,Inf,-Inf,0,Casa real
SP1,1617,VCC,,,,Inf,-Inf,0,Casa real
E0,1718,VCC,,,,Inf,-Inf,0,Casa real
SP1,1718,VCC,,,,Inf,-Inf,0,Casa real
E0,1819,VCC,,,,Inf,-Inf,0,Casa real
SP1,1819,VCC,,,,Inf,-Inf,0,Casa real
E0,1920,VCC,3.89402408122377,3.99923884620897,0.70169717437817,1.28205128205128,7.38310090237899,380,Casa real
SP1,1920,VCC,5.26531709982296,5.4343732400064,0.737651375107116,2.56410256410256,6.54761904761905,380,Casa real
E0,1213,MaxC,,,,Inf,-Inf,0,Agregado de mercado
SP1,1213,MaxC,,,,Inf,-Inf,0,Agregado de mercado
E0,1314,MaxC,,,,Inf,-Inf,0,Agregado de mercado
SP1,1314,MaxC,,,,Inf,-Inf,0,Agregado de mercado
E0,1415,MaxC,,,,Inf,-Inf,0,Agregado de mercado
SP1,1415,MaxC,,,,Inf,-Inf,0,Agregado de mercado
E0,1516,MaxC,,,,Inf,-Inf,0,Agregado de mercado
SP1,1516,MaxC,,,,Inf,-Inf,0,Agregado de mercado
E0,1617,MaxC,,,,Inf,-Inf,0,Agregado de mercado
SP1,1617,MaxC,,,,Inf,-Inf,0,Agregado de mercado
E0,1718,MaxC,,,,Inf,-Inf,0,Agregado de mercado
SP1,1718,MaxC,,,,Inf,-Inf,0,Agregado de mercado
E0,1819,MaxC,,,,Inf,-Inf,0,Agregado de mercado
SP1,1819,MaxC,,,,Inf,-Inf,0,Agregado de mercado
E0,1920,MaxC,-0.936260844729431,-0.749268632708311,1.13697265025624,-5.95309381237524,1.33785759286558,380,Agregado de mercado
SP1,1920,MaxC,-0.806263318316615,-0.601708839036036,1.28999903412389,-6.29327638646218,1.55347741142626,380,Agregado de mercado
E0,1213,AvgC,,,,Inf,-Inf,0,Agregado de mercado
SP1,1213,AvgC,,,,Inf,-Inf,0,Agregado de mercado
E0,1314,AvgC,,,,Inf,-Inf,0,Agregado de mercado
SP1,1314,AvgC,,,,Inf,-Inf,0,Agregado de mercado
E0,1415,AvgC,,,,Inf,-Inf,0,Agregado de mercado
SP1,1415,AvgC,,,,Inf,-Inf,0,Agregado de mercado
E0,1516,AvgC,,,,Inf,-Inf,0,Agregado de mercado
SP1,1516,AvgC,,,,Inf,-Inf,0,Agregado de mercado
E0,1617,AvgC,,,,Inf,-Inf,0,Agregado de mercado
SP1,1617,AvgC,,,,Inf,-Inf,0,Agregado de mercado
E0,1718,AvgC,,,,Inf,-Inf,0,Agregado de mercado
SP1,1718,AvgC,,,,Inf,-Inf,0,Agregado de mercado
E0,1819,AvgC,,,,Inf,-Inf,0,Agregado de mercado
SP1,1819,AvgC,,,,Inf,-Inf,0,Agregado de mercado
E0,1920,AvgC,4.07162862568988,4.06772834278668,0.215826004786639,3.33117558111999,4.62696157402522,380,Agregado de mercado
SP1,1920,AvgC,4.76121030313797,4.75561558365527,0.207564884415744,4.02130189553191,5.56119107563262,380,Agregado de mercado
