Liga,Temporada,Operador,Partidos_con_cuota,Partidos_totales,Cobertura_pct
E0,1213,B365,380,380,100
E0,1213,BW,380,380,100
E0,1213,IW,380,380,100
E0,1213,PS,380,380,100
E0,1213,WH,380,380,100
E0,1213,SJ,380,380,100
E0,1213,VC,380,380,100
E0,1213,BS,380,380,100
E0,1213,BbMx,380,380,100
E0,1213,BbAv,380,380,100
E0,1213,PSC,380,380,100
E0,1213,GB,379,380,99.7
E0,1213,LB,379,380,99.7
E0,1213,Max,0,380,0
E0,1213,Avg,0,380,0
E0,1213,B365C,0,380,0
E0,1213,BWC,0,380,0
E0,1213,IWC,0,380,0
E0,1213,WHC,0,380,0
E0,1213,VCC,0,380,0
E0,1213,MaxC,0,380,0
E0,1213,AvgC,0,380,0
E0,1314,B365,380,380,100
E0,1314,BW,380,380,100
E0,1314,IW,380,380,100
E0,1314,LB,380,380,100
E0,1314,PS,380,380,100
E0,1314,WH,380,380,100
E0,1314,SJ,380,380,100
E0,1314,VC,380,380,100
E0,1314,BbMx,380,380,100
E0,1314,BbAv,380,380,100
E0,1314,PSC,380,380,100
E0,1314,GB,0,380,0
E0,1314,BS,0,380,0
E0,1314,Max,0,380,0
E0,1314,Avg,0,380,0
E0,1314,B365C,0,380,0
E0,1314,BWC,0,380,0
E0,1314,IWC,0,380,0
E0,1314,WHC,0,380,0
E0,1314,VCC,0,380,0
E0,1314,MaxC,0,380,0
E0,1314,AvgC,0,380,0
E0,1415,B365,380,380,100
E0,1415,BW,380,380,100
E0,1415,LB,380,380,100
E0,1415,PS,380,380,100
E0,1415,WH,380,380,100
E0,1415,VC,380,380,100
E0,1415,BbMx,380,380,100
E0,1415,BbAv,380,380,100
E0,1415,PSC,380,380,100
E0,1415,IW,379,380,99.7
E0,1415,SJ,40,380,10.5
E0,1415,GB,0,380,0
E0,1415,BS,0,380,0
E0,1415,Max,0,380,0
E0,1415,Avg,0,380,0
E0,1415,B365C,0,380,0
E0,1415,BWC,0,380,0
E0,1415,IWC,0,380,0
E0,1415,WHC,0,380,0
E0,1415,VCC,0,380,0
E0,1415,MaxC,0,380,0
E0,1415,AvgC,0,380,0
E0,1516,B365,380,380,100
E0,1516,IW,380,380,100
E0,1516,LB,380,380,100
E0,1516,PS,380,380,100
E0,1516,WH,380,380,100
E0,1516,VC,380,380,100
E0,1516,BbMx,380,380,100
E0,1516,BbAv,380,380,100
E0,1516,PSC,380,380,100
E0,1516,BW,379,380,99.7
E0,1516,GB,0,380,0
E0,1516,SJ,0,380,0
E0,1516,BS,0,380,0
E0,1516,Max,0,380,0
E0,1516,Avg,0,380,0
E0,1516,B365C,0,380,0
E0,1516,BWC,0,380,0
E0,1516,IWC,0,380,0
E0,1516,WHC,0,380,0
E0,1516,VCC,0,380,0
E0,1516,MaxC,0,380,0
E0,1516,AvgC,0,380,0
E0,1617,B365,380,380,100
E0,1617,BW,380,380,100
E0,1617,IW,380,380,100
E0,1617,LB,380,380,100
E0,1617,PS,380,380,100
E0,1617,WH,380,380,100
E0,1617,VC,380,380,100
E0,1617,BbMx,380,380,100
E0,1617,BbAv,380,380,100
E0,1617,PSC,380,380,100
E0,1617,GB,0,380,0
E0,1617,SJ,0,380,0
E0,1617,BS,0,380,0
E0,1617,Max,0,380,0
E0,1617,Avg,0,380,0
E0,1617,B365C,0,380,0
E0,1617,BWC,0,380,0
E0,1617,IWC,0,380,0
E0,1617,WHC,0,380,0
E0,1617,VCC,0,380,0
E0,1617,MaxC,0,380,0
E0,1617,AvgC,0,380,0
E0,1718,B365,380,380,100
E0,1718,BW,380,380,100
E0,1718,IW,380,380,100
E0,1718,LB,380,380,100
E0,1718,PS,380,380,100
E0,1718,WH,380,380,100
E0,1718,VC,380,380,100
E0,1718,BbMx,380,380,100
E0,1718,BbAv,380,380,100
E0,1718,PSC,380,380,100
E0,1718,GB,0,380,0
E0,1718,SJ,0,380,0
E0,1718,BS,0,380,0
E0,1718,Max,0,380,0
E0,1718,Avg,0,380,0
E0,1718,B365C,0,380,0
E0,1718,BWC,0,380,0
E0,1718,IWC,0,380,0
E0,1718,WHC,0,380,0
E0,1718,VCC,0,380,0
E0,1718,MaxC,0,380,0
E0,1718,AvgC,0,380,0
E0,1819,B365,380,380,100
E0,1819,BW,380,380,100
E0,1819,IW,380,380,100
E0,1819,PS,380,380,100
E0,1819,WH,380,380,100
E0,1819,VC,380,380,100
E0,1819,BbMx,380,380,100
E0,1819,BbAv,380,380,100
E0,1819,PSC,380,380,100
E0,1819,GB,0,380,0
E0,1819,LB,0,380,0
E0,1819,SJ,0,380,0
E0,1819,BS,0,380,0
E0,1819,Max,0,380,0
E0,1819,Avg,0,380,0
E0,1819,B365C,0,380,0
E0,1819,BWC,0,380,0
E0,1819,IWC,0,380,0
E0,1819,WHC,0,380,0
E0,1819,VCC,0,380,0
E0,1819,MaxC,0,380,0
E0,1819,AvgC,0,380,0
E0,1920,B365,380,380,100
E0,1920,BW,380,380,100
E0,1920,IW,380,380,100
E0,1920,PS,380,380,100
E0,1920,WH,380,380,100
E0,1920,VC,380,380,100
E0,1920,PSC,380,380,100
E0,1920,Max,380,380,100
E0,1920,Avg,380,380,100
E0,1920,B365C,380,380,100
E0,1920,BWC,380,380,100
E0,1920,IWC,380,380,100
E0,1920,WHC,380,380,100
E0,1920,VCC,380,380,100
E0,1920,MaxC,380,380,100
E0,1920,AvgC,380,380,100
E0,1920,GB,0,380,0
E0,1920,LB,0,380,0
E0,1920,SJ,0,380,0
E0,1920,BS,0,380,0
E0,1920,BbMx,0,380,0
E0,1920,BbAv,0,380,0
SP1,1213,B365,380,380,100
SP1,1213,BW,380,380,100
SP1,1213,IW,380,380,100
SP1,1213,LB,380,380,100
SP1,1213,PS,380,380,100
SP1,1213,WH,380,380,100
SP1,1213,SJ,380,380,100
SP1,1213,BS,380,380,100
SP1,1213,BbMx,380,380,100
SP1,1213,BbAv,380,380,100
SP1,1213,PSC,380,380,100
SP1,1213,VC,379,380,99.7
SP1,1213,GB,375,380,98.7
SP1,1213,Max,0,380,0
SP1,1213,Avg,0,380,0
SP1,1213,B365C,0,380,0
SP1,1213,BWC,0,380,0
SP1,1213,IWC,0,380,0
SP1,1213,WHC,0,380,0
SP1,1213,VCC,0,380,0
SP1,1213,MaxC,0,380,0
SP1,1213,AvgC,0,380,0
SP1,1314,B365,380,380,100
SP1,1314,BW,380,380,100
SP1,1314,LB,380,380,100
SP1,1314,PS,380,380,100
SP1,1314,WH,380,380,100
SP1,1314,SJ,380,380,100
SP1,1314,VC,380,380,100
SP1,1314,BbMx,380,380,100
SP1,1314,BbAv,380,380,100
SP1,1314,PSC,380,380,100
SP1,1314,IW,378,380,99.5
SP1,1314,GB,0,380,0
SP1,1314,BS,0,380,0
SP1,1314,Max,0,380,0
SP1,1314,Avg,0,380,0
SP1,1314,B365C,0,380,0
SP1,1314,BWC,0,380,0
SP1,1314,IWC,0,380,0
SP1,1314,WHC,0,380,0
SP1,1314,VCC,0,380,0
SP1,1314,MaxC,0,380,0
SP1,1314,AvgC,0,380,0
SP1,1415,B365,380,380,100
SP1,1415,BW,380,380,100
SP1,1415,WH,380,380,100
SP1,1415,VC,380,380,100
SP1,1415,BbMx,380,380,100
SP1,1415,BbAv,380,380,100
SP1,1415,PSC,380,380,100
SP1,1415,IW,379,380,99.7
SP1,1415,LB,379,380,99.7
SP1,1415,PS,378,380,99.5
SP1,1415,SJ,29,380,7.6
SP1,1415,GB,0,380,0
SP1,1415,BS,0,380,0
SP1,1415,Max,0,380,0
SP1,1415,Avg,0,380,0
SP1,1415,B365C,0,380,0
SP1,1415,BWC,0,380,0
SP1,1415,IWC,0,380,0
SP1,1415,WHC,0,380,0
SP1,1415,VCC,0,380,0
SP1,1415,MaxC,0,380,0
SP1,1415,AvgC,0,380,0
SP1,1516,B365,380,380,100
SP1,1516,BW,380,380,100
SP1,1516,IW,380,380,100
SP1,1516,LB,380,380,100
SP1,1516,WH,380,380,100
SP1,1516,VC,380,380,100
SP1,1516,BbMx,380,380,100
SP1,1516,BbAv,380,380,100
SP1,1516,PSC,380,380,100
SP1,1516,PS,379,380,99.7
SP1,1516,GB,0,380,0
SP1,1516,SJ,0,380,0
SP1,1516,BS,0,380,0
SP1,1516,Max,0,380,0
SP1,1516,Avg,0,380,0
SP1,1516,B365C,0,380,0
SP1,1516,BWC,0,380,0
SP1,1516,IWC,0,380,0
SP1,1516,WHC,0,380,0
SP1,1516,VCC,0,380,0
SP1,1516,MaxC,0,380,0
SP1,1516,AvgC,0,380,0
SP1,1617,B365,380,380,100
SP1,1617,BW,380,380,100
SP1,1617,PS,380,380,100
SP1,1617,WH,380,380,100
SP1,1617,VC,380,380,100
SP1,1617,BbMx,380,380,100
SP1,1617,BbAv,380,380,100
SP1,1617,PSC,380,380,100
SP1,1617,LB,379,380,99.7
SP1,1617,IW,377,380,99.2
SP1,1617,GB,0,380,0
SP1,1617,SJ,0,380,0
SP1,1617,BS,0,380,0
SP1,1617,Max,0,380,0
SP1,1617,Avg,0,380,0
SP1,1617,B365C,0,380,0
SP1,1617,BWC,0,380,0
SP1,1617,IWC,0,380,0
SP1,1617,WHC,0,380,0
SP1,1617,VCC,0,380,0
SP1,1617,MaxC,0,380,0
SP1,1617,AvgC,0,380,0
SP1,1718,B365,380,380,100
SP1,1718,BW,380,380,100
SP1,1718,IW,380,380,100
SP1,1718,PS,380,380,100
SP1,1718,WH,380,380,100
SP1,1718,VC,380,380,100
SP1,1718,BbMx,380,380,100
SP1,1718,BbAv,380,380,100
SP1,1718,LB,379,380,99.7
SP1,1718,PSC,379,380,99.7
SP1,1718,GB,0,380,0
SP1,1718,SJ,0,380,0
SP1,1718,BS,0,380,0
SP1,1718,Max,0,380,0
SP1,1718,Avg,0,380,0
SP1,1718,B365C,0,380,0
SP1,1718,BWC,0,380,0
SP1,1718,IWC,0,380,0
SP1,1718,WHC,0,380,0
SP1,1718,VCC,0,380,0
SP1,1718,MaxC,0,380,0
SP1,1718,AvgC,0,380,0
SP1,1819,B365,380,380,100
SP1,1819,BW,380,380,100
SP1,1819,IW,380,380,100
SP1,1819,PS,380,380,100
SP1,1819,WH,380,380,100
SP1,1819,VC,380,380,100
SP1,1819,BbMx,380,380,100
SP1,1819,BbAv,380,380,100
SP1,1819,PSC,380,380,100
SP1,1819,GB,0,380,0
SP1,1819,LB,0,380,0
SP1,1819,SJ,0,380,0
SP1,1819,BS,0,380,0
SP1,1819,Max,0,380,0
SP1,1819,Avg,0,380,0
SP1,1819,B365C,0,380,0
SP1,1819,BWC,0,380,0
SP1,1819,IWC,0,380,0
SP1,1819,WHC,0,380,0
SP1,1819,VCC,0,380,0
SP1,1819,MaxC,0,380,0
SP1,1819,AvgC,0,380,0
SP1,1920,B365,380,380,100
SP1,1920,BW,380,380,100
SP1,1920,IW,380,380,100
SP1,1920,WH,380,380,100
SP1,1920,VC,380,380,100
SP1,1920,PSC,380,380,100
SP1,1920,Max,380,380,100
SP1,1920,Avg,380,380,100
SP1,1920,B365C,380,380,100
SP1,1920,BWC,380,380,100
SP1,1920,IWC,380,380,100
SP1,1920,WHC,380,380,100
SP1,1920,VCC,380,380,100
SP1,1920,MaxC,380,380,100
SP1,1920,AvgC,380,380,100
SP1,1920,PS,378,380,99.5
SP1,1920,GB,0,380,0
SP1,1920,LB,0,380,0
SP1,1920,SJ,0,380,0
SP1,1920,BS,0,380,0
SP1,1920,BbMx,0,380,0
SP1,1920,BbAv,0,380,0
