Operador,Comparacion,Dif_media_pp,Dif_max_pp,Dif_p95_pp,Tipo
B365,Mult vs Adit,0.822594426481743,4.00851472087305,2.37673371740304,Casa real
B365,Mult vs Shin,0.610281398790829,2.97531530514946,1.7683903590636,Casa real
B365,Adit vs Shin,0.212313027690914,1.03319941572358,0.608443101511437,Casa real
BW,Mult vs Adit,1.03405889716839,4.10401618841516,2.65013849643373,Casa real
GB,Mult vs Adit,1.16974145723478,3.77883951602726,2.95409905093358,Casa real
IW,Mult vs Adit,1.18625443248535,5.06912442396312,3.04248259944462,Casa real
LB,Mult vs Adit,1.06628950635731,6.52907700573837,2.60309985593765,Casa real
PS,Mult vs Adit,0.427230644813177,2.59434219285299,1.11091498009386,Casa real
PS,Mult vs Shin,0.318779160423398,1.92884051121155,0.829950617581164,Casa real
PS,Adit vs Shin,0.108451519490752,0.665501681641445,0.281566619746494,Casa real
WH,Mult vs Adit,1.01087169258628,4.03708018961244,2.67293857221914,Casa real
WH,Mult vs Shin,0.748012029391877,2.98043866692015,1.98059215156348,Casa real
WH,Adit vs Shin,0.262859663194407,1.05664152269229,0.690800501242395,Casa real
SJ,Mult vs Adit,0.992712542166721,4.25083732914884,2.46303574770728,Casa real
VC,Mult vs Adit,0.613318760383336,3.53803707673098,1.67080861637553,Casa real
BS,Mult vs Adit,1.21510110516555,4.21575379997807,3.01645625274795,Casa real
BbMx,Mult vs Adit,0.148503614319463,2.62101487196897,0.535497582103817,Agregado de mercado
BbAv,Mult vs Adit,0.928475779875839,3.55534142050756,2.32779261786609,Agregado de mercado
PSC,Mult vs Adit,0.432721253167054,3.64337741244056,1.13431535399149,Casa real
PSC,Mult vs Shin,0.322863122043893,2.70186413923412,0.846914791138991,Casa real
PSC,Adit vs Shin,0.109858183791496,0.94151327320644,0.286815729410933,Casa real
Max,Mult vs Adit,0.0970897785000918,0.773755140779309,0.355507788606124,Agregado de mercado
Avg,Mult vs Adit,0.764250280660162,2.56058430999071,1.98294217291942,Agregado de mercado
B365C,Mult vs Adit,0.953652376556694,3.25645622914149,2.43758538413428,Casa real
BWC,Mult vs Adit,0.818320954218954,3.0729990557824,2.08093370344531,Casa real
IWC,Mult vs Adit,0.888041775619866,3.18060328369607,2.27455948914521,Casa real
WHC,Mult vs Adit,0.872729180655573,3.40988492527252,2.2576929405957,Casa real
VCC,Mult vs Adit,0.789714608129673,4.02526585994231,2.17296823574411,Casa real
MaxC,Mult vs Adit,0.192013464554862,2.15660000083489,0.737076871828174,Agregado de mercado
AvgC,Mult vs Adit,0.750506258444979,2.66904867879157,1.91488369395841,Agregado de mercado
