Operador,Esquema,N_bins,Desviacion_media_abs_pp
B365,igual_ancho,5,1.31
PS,igual_ancho,5,0.94
PSC,igual_ancho,5,1.14
WH,igual_ancho,5,2.13
B365,igual_ancho,10,1.62
PS,igual_ancho,10,1.05
PSC,igual_ancho,10,1.51
WH,igual_ancho,10,2.72
B365,igual_ancho,20,1.56
PS,igual_ancho,20,1.32
PSC,igual_ancho,20,1.6
WH,igual_ancho,20,2.46
B365,igual_frecuencia,5,0.97
PS,igual_frecuencia,5,0.79
PSC,igual_frecuencia,5,0.6
WH,igual_frecuencia,5,1.02
B365,igual_frecuencia,10,0.97
PS,igual_frecuencia,10,0.85
PSC,igual_frecuencia,10,0.78
WH,igual_frecuencia,10,1.22
B365,igual_frecuencia,20,1.38
PS,igual_frecuencia,20,1.33
PSC,igual_frecuencia,20,1.1
WH,igual_frecuencia,20,1.49
