bin,Prob_predicha_media,Frecuencia_observada,IC_inferior,IC_superior,N,Desviacion_pp,Operador
1,0.0392698422032315,0.0279329608938548,0.0119890504074095,0.0637129206333484,179,-1.13368813093767,B365
2,0.0769144233378939,0.0746987951807229,0.0587063735655487,0.094609892336486,830,-0.221562815717104,B365
3,0.126109041589427,0.123299319727891,0.105725365761902,0.143326281494503,1176,-0.280972186153575,B365
4,0.175778077011655,0.166453265044814,0.148803882181699,0.185739219784207,1562,-0.932481196684076,B365
5,0.22736377949087,0.224827586206897,0.207776938852024,0.242848532242196,2175,-0.253619328397323,B365
6,0.277020326872767,0.27897545357524,0.266317967191456,0.291995100505892,4685,0.195512670247311,B365
7,0.321181880437033,0.313672922252011,0.290633486075136,0.337669368668345,1492,-0.750895818502179,B365
8,0.3770456324372,0.354589371980676,0.326031393628908,0.384222757816204,1035,-2.2456260456524,B365
9,0.42458469787757,0.417616580310881,0.386887687845444,0.448998773708813,965,-0.696811756668875,B365
10,0.473783956704562,0.477867203219316,0.446959449103095,0.508945369632337,994,0.4083246514754,B365
11,0.525176963958156,0.526898734177215,0.487928506087667,0.565543942945557,632,0.172177021905906,B365
12,0.572725509905106,0.572131147540984,0.532536936667599,0.610822555812862,610,-0.0594362364122247,B365
13,0.619924337785329,0.637387387387387,0.591667790868004,0.680750042713693,444,1.74630496020585,B365
14,0.673883231383388,0.702819956616052,0.659564213897187,0.742723483233832,461,2.89367252326641,B365
15,0.726483972489153,0.787878787878788,0.740588238677974,0.828544189245093,330,6.13948153896347,B365
16,0.776696003224225,0.789473684210526,0.740176978246314,0.831545884146023,304,1.27776809863014,B365
17,0.824663698742149,0.84390243902439,0.78794706179859,0.887206237724466,205,1.92387402822413,B365
18,0.873021634131975,0.907563025210084,0.842036263295668,0.947599425918886,119,3.45413910781091,B365
19,0.908862406998822,0.958333333333333,0.797581935213441,0.992606543834494,24,4.94709263345113,B365
1,0.0391576867409992,0.0347826086956522,0.0177283155944747,0.0671217316159656,230,-0.437507804534703,PS
2,0.0764330761359024,0.078546307151231,0.0623234998934681,0.0985481029003684,853,0.211323101532855,PS
3,0.126678767247485,0.131205673758865,0.112748218457202,0.152166497719664,1128,0.452690651138046,PS
4,0.175397198801045,0.157430730478589,0.140346876881153,0.176167972024694,1588,-1.79664683224552,PS
5,0.227207088940276,0.228817204301075,0.21219779283963,0.246331255918133,2325,0.161011536079944,PS
6,0.276698306383199,0.277227722772277,0.264116135096418,0.290733054060583,4343,0.0529416389077941,PS
7,0.318658332374099,0.323713927227102,0.301192049158798,0.347083443445587,1594,0.505559485300278,PS
8,0.374601566371488,0.335323383084577,0.306811458391995,0.36508941651165,1005,-3.92781832869109,PS
9,0.424435143157602,0.425073457394711,0.395086803206371,0.455621812567175,1021,0.0638314237109361,PS
10,0.473888492600932,0.479956663055255,0.447875918343518,0.512203554097131,923,0.606817045432284,PS
11,0.523735450948905,0.518463810930576,0.480827742104146,0.555891525907681,677,-0.527164001832892,PS
12,0.57332666437665,0.582113821138211,0.542741780826221,0.620466418237352,615,0.878715676156117,PS
13,0.623540310934683,0.637295081967213,0.593719639859757,0.678725876061769,488,1.37547710325302,PS
14,0.673112519199527,0.695090439276486,0.647491820428382,0.738854091941355,387,2.19779200769593,PS
15,0.724389954554181,0.771186440677966,0.724654524585441,0.811895937266457,354,4.67964861237851,PS
16,0.774469546696312,0.78476821192053,0.734992783429059,0.82739009514869,302,1.02986652242179,PS
17,0.8226170975949,0.851162790697675,0.797440528693104,0.892556699499935,215,2.85456931027744,PS
18,0.875429270607529,0.86046511627907,0.790202818609691,0.909879827467909,129,-1.4964154328459,PS
19,0.915276894393034,0.933333333333333,0.821433980364081,0.977067967400749,45,1.80564389402994,PS
1,0.037812768526274,0.0468085106382979,0.0263352297860646,0.0818598002907452,235,0.899574211202388,PSC
2,0.0766645753744442,0.0663562281722934,0.0515671421054096,0.0850065674863343,859,-1.03083472021508,PSC
3,0.126756856012183,0.127139364303179,0.109656153494117,0.146949972792294,1227,0.038250829099501,PSC
4,0.175726442258879,0.165299684542587,0.14782644040108,0.184391387809723,1585,-1.04267577162923,PSC
5,0.226875376736705,0.221827861579414,0.205157114155555,0.239445165113874,2254,-0.504751515729082,PSC
6,0.277146073753905,0.282567049808429,0.269115827663879,0.296417932912684,4176,0.542097605452402,PSC
7,0.319136481213648,0.317586795674445,0.296236934852746,0.339732563259081,1757,-0.154968553920321,PSC
8,0.375128235902964,0.357904946653734,0.329220137650564,0.387644704299329,1031,-1.72232892492297,PSC
9,0.425025446825677,0.426877470355731,0.396736143158204,0.457571831068586,1012,0.185202353005448,PSC
10,0.473340981608946,0.45369284876905,0.420565055355163,0.48723585788644,853,-1.96481328398954,PSC
11,0.525403436675862,0.531626506024096,0.493598945727207,0.569290231704463,664,0.622306934823402,PSC
12,0.574426765623179,0.561258278145695,0.521419983655659,0.600322287994537,604,-1.31684874774834,PSC
13,0.624227890614914,0.643564356435644,0.600852039638048,0.684109017458314,505,1.93364658207299,PSC
14,0.673003489229464,0.691919191919192,0.644783037480398,0.735367636359964,396,1.89157026897281,PSC
15,0.723645917533497,0.79608938547486,0.751313599180649,0.834578356624929,358,7.24434679413634,PSC
16,0.774898838089353,0.778523489932886,0.728000400370992,0.821957185470821,298,0.362465184353278,PSC
17,0.820627116464819,0.848341232227488,0.793746820766722,0.890478657904439,211,2.77141157626691,PSC
18,0.873450686964635,0.859154929577465,0.792451168847757,0.90693843425135,142,-1.42957573871702,PSC
19,0.915705604326682,0.963636363636364,0.87676536025349,0.989970458710666,55,4.79307593096812,PSC
1,0.0394234111496627,0.0443349753694581,0.0234974168994103,0.0820977521988117,203,0.491156421979546,WH
2,0.0779358694921278,0.0671232876712329,0.0511431426328984,0.0876354145017128,730,-1.08125818208949,WH
3,0.125058598501193,0.123595505617978,0.10519521799011,0.144693845934875,1068,-0.146309288321531,WH
4,0.176512574315395,0.159872611464968,0.142577582064389,0.17882801821744,1570,-1.66399628504265,WH
5,0.227125939511261,0.221439355812783,0.20372983950681,0.240223874087366,1987,-0.568658369847752,WH
6,0.2777588696322,0.266855926188786,0.253737845441163,0.280397380569079,4227,-1.09029434434132,WH
7,0.317639417738363,0.315702479338843,0.297488608042337,0.334500523609038,2420,-0.193693839951992,WH
8,0.376746102502708,0.35521582733813,0.327629646923298,0.383798892091273,1112,-2.15302751645786,WH
9,0.425850633173484,0.430331753554502,0.400760849962055,0.460408167575543,1055,0.448112038101861,WH
10,0.474743477640479,0.507584597432906,0.474153805241395,0.540947697906246,857,3.28411197924269,WH
11,0.525859751340185,0.522827687776141,0.485235829908542,0.560162702356237,679,-0.303206356404318,WH
12,0.575376017169662,0.59967585089141,0.560513266659701,0.637604945731659,617,2.42998337217483,WH
13,0.624396248785392,0.667493796526055,0.620106756217012,0.711717833123816,403,4.30975477406627,WH
14,0.674748162301986,0.729113924050633,0.683236102755871,0.770578303938925,395,5.43657617486471,WH
15,0.724183371944403,0.78978978978979,0.742846705402986,0.830123144198387,333,6.56064178453867,WH
16,0.771883144317487,0.795698924731183,0.744523598684928,0.838842081466654,279,2.38157804136958,WH
17,0.82299165032806,0.840490797546012,0.776541617191648,0.888760645115305,163,1.74991472179521,WH
18,0.872006462553289,0.905982905982906,0.839464493239197,0.946689538060293,117,3.39764434296168,WH
19,0.910011082176606,1,0.645669564933313,1,7,8.99889178233937,WH
